	cluster	q	p	overall_frequency	C1_nf	C2_nf	C3_nf	C4_nf	C5_nf	C1_f	C2_f	C3_f	C4_f	C5_f	C1_mut	C1_wt	C2_mut	C2_wt	C3_mut	C3_wt	C4_mut	C4_wt	C5_mut	C5_wt	C1_sum	C2_sum	C3_sum	C4_sum	C5_sum
SV.BCL6	C1	3.594558649008105e-05	9.99990000099999e-06	0.21636363636363634	0.6134453781512605	0.17647058823529416	0.033613445378151266	0.09243697478991597	0.08403361344537816	0.13272727272727272	0.038181818181818185	0.007272727272727273	0.02	0.01818181818181818	73	41	21	106	4	91	11	64	10	129	219	63	12	33	30
DTX1	C1	3.594558649008105e-05	9.99990000099999e-06	0.1709090909090909	0.4468085106382979	0.10638297872340426	0.0851063829787234	0.2021276595744681	0.1595744680851064	0.07636363636363637	0.01818181818181818	0.014545454545454545	0.034545454545454546	0.02727272727272727	42	72	10	117	8	87	19	56	15	124	78	17	13	34	26
CD70	C1	3.594558649008105e-05	9.99990000099999e-06	0.09636363636363636	0.7169811320754718	0.03773584905660377	0.03773584905660377	0.1320754716981132	0.07547169811320754	0.06909090909090909	0.0036363636363636364	0.0036363636363636364	0.012727272727272728	0.007272727272727273	38	76	2	125	2	93	7	68	4	135	76	4	4	14	7
TNFAIP3	C1	3.594558649008105e-05	9.99990000099999e-06	0.1290909090909091	0.5070422535211268	0.07042253521126761	0.09859154929577466	0.1971830985915493	0.1267605633802817	0.06545454545454546	0.00909090909090909	0.012727272727272728	0.025454545454545455	0.016363636363636365	36	78	5	122	7	88	14	61	9	130	72	10	13	28	18
NOTCH2	C1	3.594558649008105e-05	9.99990000099999e-06	0.08363636363636365	0.6956521739130433	0.10869565217391303	0.08695652173913042	0.021739130434782605	0.08695652173913042	0.05818181818181818	0.00909090909090909	0.007272727272727273	0.0018181818181818182	0.007272727272727273	32	82	5	122	4	91	1	74	4	135	64	10	7	2	8
BCL10	C1	3.594558649008105e-05	9.99990000099999e-06	0.07818181818181819	0.6511627906976744	0.09302325581395349	0.09302325581395349	0.046511627906976744	0.11627906976744184	0.05090909090909091	0.007272727272727273	0.007272727272727273	0.0036363636363636364	0.00909090909090909	28	86	4	123	4	91	2	73	5	134	56	8	8	4	10
B2M	C1	3.594558649008105e-05	9.99990000099999e-06	0.11272727272727273	0.3870967741935484	0.1774193548387097	0.14516129032258066	0.25806451612903225	0.03225806451612903	0.04363636363636364	0.02	0.016363636363636365	0.02909090909090909	0.0036363636363636364	24	90	11	116	9	86	16	59	2	137	48	22	18	32	4
CD58	C1	3.594558649008105e-05	9.99990000099999e-06	0.0890909090909091	0.4897959183673469	0.1020408163265306	0.02040816326530612	0.22448979591836735	0.16326530612244897	0.04363636363636364	0.00909090909090909	0.0018181818181818182	0.02	0.014545454545454545	24	90	5	122	1	94	11	64	8	131	48	10	2	22	16
X5Q.AMP	C1	3.594558649008105e-05	9.99990000099999e-06	0.11454545454545456	0.38095238095238093	0.38095238095238093	0.1111111111111111	0.06349206349206349	0.06349206349206349	0.04363636363636364	0.04363636363636364	0.012727272727272728	0.007272727272727273	0.007272727272727273	24	90	24	103	7	88	4	71	4	135	24	24	7	4	4
FAS	C1	3.594558649008105e-05	9.99990000099999e-06	0.09636363636363637	0.43396226415094336	0.11320754716981132	0.22641509433962265	0.16981132075471697	0.05660377358490566	0.04181818181818182	0.01090909090909091	0.02181818181818182	0.016363636363636365	0.005454545454545455	23	91	6	121	12	83	9	66	3	136	46	12	24	18	6
UBE2A	C1	3.594558649008105e-05	9.99990000099999e-06	0.05090909090909091	0.75	0.0	0.03571428571428571	0.07142857142857142	0.14285714285714285	0.038181818181818185	0.0	0.0018181818181818182	0.0036363636363636364	0.007272727272727273	21	93	0	127	1	94	2	73	4	135	42	0	2	4	8
ZEB2	C1	3.594558649008105e-05	9.99990000099999e-06	0.06909090909090909	0.4736842105263158	0.2631578947368421	0.05263157894736842	0.1842105263157895	0.02631578947368421	0.03272727272727273	0.01818181818181818	0.0036363636363636364	0.012727272727272728	0.0018181818181818182	18	96	10	117	2	93	7	68	1	138	34	18	4	14	2
BCL7A	C1	9.614361687708424e-05	2.999970000299997e-05	0.09636363636363636	0.339622641509434	0.07547169811320754	0.20754716981132076	0.2830188679245283	0.09433962264150943	0.03272727272727273	0.007272727272727273	0.02	0.02727272727272727	0.00909090909090909	18	96	4	123	11	84	15	60	5	134	32	8	22	30	9
TMEM30A	C1	0.00017733156001773317	5.999940000599994e-05	0.07636363636363637	0.5238095238095237	0.09523809523809523	0.14285714285714285	0.047619047619047616	0.19047619047619047	0.04	0.007272727272727273	0.01090909090909091	0.0036363636363636364	0.014545454545454545	22	92	4	123	6	89	2	73	8	131	44	8	12	4	16
EBF1	C1	0.00017733156001773317	5.999940000599994e-05	0.10363636363636364	0.3508771929824561	0.19298245614035087	0.15789473684210528	0.2456140350877193	0.052631578947368425	0.03636363636363636	0.02	0.016363636363636365	0.025454545454545455	0.005454545454545455	20	94	11	116	9	86	14	61	3	136	39	21	18	27	5
GNAI2	C1	0.00028912754350717365	9.99990000099999e-05	0.06545454545454546	0.41666666666666663	0.08333333333333333	0.3333333333333333	0.1111111111111111	0.05555555555555555	0.02727272727272727	0.005454545454545455	0.02181818181818182	0.007272727272727273	0.0036363636363636364	15	99	3	124	12	83	4	71	2	137	30	6	22	8	3
NFKBIE	C1	0.0012181186599348958	0.0004899951000489995	0.049090909090909095	0.4444444444444444	0.07407407407407407	0.037037037037037035	0.2962962962962963	0.14814814814814814	0.02181818181818182	0.0036363636363636364	0.0018181818181818182	0.014545454545454545	0.007272727272727273	12	102	2	125	1	94	8	67	4	135	23	4	2	16	7
BCL6	C1	0.0014992577346953804	0.0006199938000619994	0.07818181818181819	0.4418604651162791	0.06976744186046512	0.20930232558139536	0.13953488372093023	0.13953488372093023	0.034545454545454546	0.005454545454545455	0.016363636363636365	0.01090909090909091	0.01090909090909091	19	95	3	124	9	86	6	69	6	133	38	6	18	12	11
SPEN	C1	0.0030069264524746056	0.0012999870001299987	0.10545454545454547	0.43103448275862066	0.20689655172413793	0.08620689655172413	0.10344827586206896	0.17241379310344826	0.045454545454545456	0.02181818181818182	0.00909090909090909	0.01090909090909091	0.01818181818181818	25	89	12	115	5	90	6	69	10	129	48	23	9	10	19
CXCR4	C1	0.0036518278885007763	0.0016199838001619985	0.03272727272727272	0.38888888888888895	0.055555555555555566	0.11111111111111113	0.38888888888888895	0.055555555555555566	0.012727272727272728	0.0018181818181818182	0.0036363636363636364	0.012727272727272728	0.0018181818181818182	7	107	1	126	2	93	7	68	1	138	14	2	4	14	2
IKZF3	C1	0.005492953200549295	0.0025399746002539975	0.04909090909090909	0.4814814814814815	0.07407407407407408	0.07407407407407408	0.03703703703703704	0.33333333333333337	0.023636363636363636	0.0036363636363636364	0.0036363636363636364	0.0018181818181818182	0.016363636363636365	13	101	2	125	2	93	1	74	9	130	25	4	4	2	17
MYD88.OTHER	C1	0.011847112298107788	0.005789942100578994	0.1090909090909091	0.35	0.2	0.11666666666666665	0.03333333333333333	0.3	0.038181818181818185	0.02181818181818182	0.012727272727272728	0.0036363636363636364	0.03272727272727273	21	93	12	115	7	88	2	73	18	121	42	24	14	4	35
POU2F2	C1	0.019773772850506792	0.01010989890101099	0.061818181818181814	0.3529411764705883	0.029411764705882356	0.17647058823529416	0.11764705882352942	0.3235294117647059	0.02181818181818182	0.0018181818181818182	0.01090909090909091	0.007272727272727273	0.02	12	102	1	126	6	89	4	71	11	128	24	2	12	7	20
TUBGCP5	C1	0.027017729822701772	0.014219857801421985	0.04727272727272727	0.46153846153846156	0.1923076923076923	0.038461538461538464	0.038461538461538464	0.2692307692307692	0.02181818181818182	0.00909090909090909	0.0018181818181818182	0.0018181818181818182	0.012727272727272728	12	102	5	122	1	94	1	74	7	132	21	9	2	1	13
SMG7	C1	0.040952507141595255	0.022169778302216978	0.03090909090909091	0.47058823529411764	0.058823529411764705	0.2941176470588235	0.058823529411764705	0.11764705882352941	0.014545454545454545	0.0018181818181818182	0.00909090909090909	0.0018181818181818182	0.0036363636363636364	8	106	1	126	5	90	1	74	2	137	15	1	10	2	4
CCDC27	C1	0.05343311431750548	0.02972970270297297	0.01818181818181818	0.6000000000000001	0.1	0.0	0.0	0.30000000000000004	0.01090909090909091	0.0018181818181818182	0.0	0.0	0.005454545454545455	6	108	1	126	0	95	0	75	3	136	11	2	0	0	6
FADD	C1	0.07018897552959953	0.04089959100408996	0.027272727272727275	0.4666666666666666	0.06666666666666667	0.2	0.2	0.06666666666666667	0.012727272727272728	0.0018181818181818182	0.005454545454545455	0.005454545454545455	0.0018181818181818182	7	107	1	126	3	92	3	72	1	138	14	2	6	6	2
RHOA	C1	0.077240883642119	0.045589544104558954	0.04363636363636363	0.4166666666666667	0.08333333333333334	0.20833333333333334	0.16666666666666669	0.12500000000000003	0.01818181818181818	0.0036363636363636364	0.00909090909090909	0.007272727272727273	0.005454545454545455	10	104	2	125	5	90	4	71	3	136	19	4	10	8	6
TNIP1	C1	0.09277067723149929	0.056499435005649946	0.03090909090909091	0.5294117647058824	0.17647058823529413	0.11764705882352941	0.058823529411764705	0.11764705882352941	0.016363636363636365	0.005454545454545455	0.0036363636363636364	0.0018181818181818182	0.0036363636363636364	9	105	3	124	2	93	1	74	2	137	18	6	4	2	4
TRAF6	C1	0.15089446738668708	0.0958690413095869	0.02	0.5454545454545455	0.09090909090909091	0.18181818181818182	0.0	0.18181818181818182	0.01090909090909091	0.0018181818181818182	0.0036363636363636364	0.0	0.0036363636363636364	6	108	1	126	2	93	0	75	2	137	12	2	3	0	4
CIITA	C1	0.15514449506667724	0.1001589984100159	0.06181818181818182	0.3235294117647059	0.14705882352941174	0.23529411764705882	0.17647058823529413	0.11764705882352941	0.02	0.00909090909090909	0.014545454545454545	0.01090909090909091	0.007272727272727273	11	103	5	122	8	87	6	69	4	135	21	9	15	11	7
ARHGEF6	C1	0.15643103684570092	0.1017389826101739	0.02	0.36363636363636365	0.0	0.36363636363636365	0.09090909090909091	0.18181818181818182	0.007272727272727273	0.0	0.007272727272727273	0.0018181818181818182	0.0036363636363636364	4	110	0	127	4	91	1	74	2	137	7	0	8	2	4
CCND3	C1	0.17840061599384005	0.11736882631173688	0.08363636363636365	0.3695652173913043	0.21739130434782605	0.13043478260869565	0.08695652173913042	0.19565217391304346	0.03090909090909091	0.01818181818181818	0.01090909090909091	0.007272727272727273	0.016363636363636365	17	97	10	117	6	89	4	71	9	130	34	20	12	8	18
MSL2	C1	0.18287317126828734	0.12099879001209989	0.021818181818181816	0.33333333333333337	0.16666666666666669	0.0	0.33333333333333337	0.16666666666666669	0.007272727272727273	0.0036363636363636364	0.0	0.007272727272727273	0.0036363636363636364	4	110	2	125	0	95	4	71	2	137	8	4	0	8	3
GRB2	C1	0.20079084125359864	0.13511864881351188	0.02727272727272727	0.3333333333333333	0.0	0.20000000000000004	0.13333333333333333	0.3333333333333333	0.00909090909090909	0.0	0.005454545454545455	0.0036363636363636364	0.00909090909090909	5	109	0	127	3	92	2	73	5	134	10	0	6	3	10
FCRL3	C1	0.21167249865962878	0.14482855171448286	0.03636363636363637	0.39999999999999997	0.15	0.15	0.19999999999999998	0.09999999999999999	0.014545454545454545	0.005454545454545455	0.005454545454545455	0.007272727272727273	0.0036363636363636364	8	106	3	124	3	92	4	71	2	137	13	5	6	7	4
CXCR5	C1	0.21167249865962878	0.14436855631443685	0.034545454545454546	0.368421052631579	0.10526315789473684	0.21052631578947367	0.21052631578947367	0.10526315789473684	0.012727272727272728	0.0036363636363636364	0.007272727272727273	0.007272727272727273	0.0036363636363636364	7	107	2	125	4	91	4	71	2	137	13	4	8	7	4
IL6	C1	0.2551310657106195	0.18031819681803182	0.025454545454545452	0.35714285714285715	0.35714285714285715	0.0	0.14285714285714288	0.14285714285714288	0.00909090909090909	0.00909090909090909	0.0	0.0036363636363636364	0.0036363636363636364	5	109	5	122	0	95	2	73	2	137	10	10	0	3	4
SCN9A	C1	0.26309810975964315	0.18693813061869383	0.0890909090909091	0.26530612244897955	0.1020408163265306	0.2040816326530612	0.16326530612244897	0.26530612244897955	0.023636363636363636	0.00909090909090909	0.01818181818181818	0.014545454545454545	0.023636363636363636	13	101	5	122	10	85	8	67	13	126	25	9	19	14	24
ESX1	C1	0.42630939544263097	0.32854671453285467	0.034545454545454546	0.31578947368421056	0.15789473684210528	0.21052631578947367	0.21052631578947367	0.10526315789473684	0.01090909090909091	0.005454545454545455	0.007272727272727273	0.007272727272727273	0.0036363636363636364	6	108	3	124	4	91	4	71	2	137	11	6	8	7	4
C2ORF16	C1	0.483139835268314	0.38142618573814263	0.03272727272727273	0.27777777777777773	0.05555555555555555	0.2222222222222222	0.16666666666666666	0.27777777777777773	0.00909090909090909	0.0018181818181818182	0.007272727272727273	0.005454545454545455	0.00909090909090909	5	109	1	126	4	91	3	72	5	134	10	2	7	5	10
RAB5B	C1	0.5172101767354419	0.4161758382416176	0.014545454545454545	0.37500000000000006	0.37500000000000006	0.0	0.0	0.25	0.005454545454545455	0.005454545454545455	0.0	0.0	0.0036363636363636364	3	111	3	124	0	95	0	75	2	137	6	6	0	0	4
ATN1	C1	0.5636362727281818	0.46500534994650056	0.021818181818181816	0.25000000000000006	0.08333333333333334	0.25000000000000006	0.25000000000000006	0.16666666666666669	0.005454545454545455	0.0018181818181818182	0.005454545454545455	0.005454545454545455	0.0036363636363636364	3	111	1	126	3	92	3	72	2	137	5	2	4	5	3
SIRT5	C1	0.5636362727281818	0.46616533834661655	0.021818181818181816	0.25000000000000006	0.08333333333333334	0.25000000000000006	0.25000000000000006	0.16666666666666669	0.005454545454545455	0.0018181818181818182	0.005454545454545455	0.005454545454545455	0.0036363636363636364	3	111	1	126	3	92	3	72	2	137	6	2	5	6	4
C9ORF43	C1	0.5865361166208157	0.4895151048489515	0.02909090909090909	0.3125	0.25	0.18750000000000003	0.0	0.25	0.00909090909090909	0.007272727272727273	0.005454545454545455	0.0	0.007272727272727273	5	109	4	123	3	92	0	75	4	135	10	7	6	0	7
INTS3	C1	0.6305549333887193	0.5357346426535735	0.012727272727272726	0.42857142857142866	0.28571428571428575	0.0	0.14285714285714288	0.14285714285714288	0.005454545454545455	0.0036363636363636364	0.0	0.0018181818181818182	0.0018181818181818182	3	111	2	125	0	95	1	74	1	138	4	3	0	2	2
NAV1	C1	0.6695731303556529	0.5789542104578954	0.04727272727272727	0.3076923076923077	0.15384615384615385	0.15384615384615385	0.07692307692307693	0.3076923076923077	0.014545454545454545	0.007272727272727273	0.007272727272727273	0.0036363636363636364	0.014545454545454545	8	106	4	123	4	91	2	73	8	131	14	7	8	4	13
PRKCB	C1	0.6704050200877302	0.5847141528584714	0.041818181818181824	0.3478260869565217	0.17391304347826084	0.13043478260869565	0.08695652173913042	0.2608695652173913	0.014545454545454545	0.007272727272727273	0.005454545454545455	0.0036363636363636364	0.01090909090909091	8	106	4	123	3	92	2	73	6	133	16	7	5	4	12
C3ORF33	C1	0.7548648362888756	0.6782432175678244	0.016363636363636365	0.3333333333333333	0.2222222222222222	0.1111111111111111	0.2222222222222222	0.1111111111111111	0.005454545454545455	0.0036363636363636364	0.0018181818181818182	0.0036363636363636364	0.0018181818181818182	3	111	2	125	1	94	2	73	1	138	6	4	2	4	2
DOCK1	C1	0.7589387742486211	0.6904630953690463	0.08727272727272728	0.29166666666666663	0.1875	0.16666666666666666	0.125	0.22916666666666666	0.025454545454545455	0.016363636363636365	0.014545454545454545	0.01090909090909091	0.02	14	100	9	118	8	87	6	69	11	128	27	18	15	12	18
ALOX15	C1	0.7929856473792986	0.7333626663733362	0.02	0.27272727272727276	0.27272727272727276	0.18181818181818182	0.18181818181818182	0.09090909090909091	0.005454545454545455	0.005454545454545455	0.0036363636363636364	0.0036363636363636364	0.0018181818181818182	3	111	3	124	2	93	2	73	1	138	6	6	4	4	2
KAT6B	C1	0.8338802095850009	0.7774522254777452	0.03272727272727273	0.27777777777777773	0.27777777777777773	0.1111111111111111	0.16666666666666666	0.16666666666666666	0.00909090909090909	0.00909090909090909	0.0036363636363636364	0.005454545454545455	0.005454545454545455	5	109	5	122	2	93	3	72	3	136	8	8	4	5	5
WRNIP1	C1	0.8473136955377435	0.7931620683793162	0.03090909090909091	0.2941176470588235	0.17647058823529413	0.23529411764705882	0.11764705882352941	0.17647058823529413	0.00909090909090909	0.005454545454545455	0.007272727272727273	0.0036363636363636364	0.005454545454545455	5	109	3	124	4	91	2	73	3	136	9	5	7	3	5
NLRP8	C1	0.8695799998521754	0.8240517594824052	0.03090909090909091	0.2941176470588235	0.23529411764705882	0.11764705882352941	0.058823529411764705	0.2941176470588235	0.00909090909090909	0.007272727272727273	0.0036363636363636364	0.0018181818181818182	0.00909090909090909	5	109	4	123	2	93	1	74	5	134	10	7	3	2	9
GABRA2	C1	0.8695799998521754	0.8270817291827082	0.02727272727272727	0.26666666666666666	0.26666666666666666	0.20000000000000004	0.13333333333333333	0.13333333333333333	0.007272727272727273	0.007272727272727273	0.005454545454545455	0.0036363636363636364	0.0036363636363636364	4	110	4	123	3	92	2	73	2	137	7	7	4	4	4
ZNF444	C1	0.8787196049608131	0.8423815761842381	0.045454545454545456	0.28	0.16	0.19999999999999998	0.12000000000000001	0.24000000000000002	0.012727272727272728	0.007272727272727273	0.00909090909090909	0.005454545454545455	0.01090909090909091	7	107	4	123	5	90	3	72	6	133	14	8	10	6	12
UVRAG	C1	0.9740720285104841	0.95210047899521	0.014545454545454545	0.25	0.125	0.25	0.125	0.25	0.0036363636363636364	0.0018181818181818182	0.0036363636363636364	0.0018181818181818182	0.0036363636363636364	2	112	1	126	2	93	1	74	2	137	4	2	4	2	3
TMC1	C1	0.9815709505740192	0.963120368796312	0.02727272727272727	0.26666666666666666	0.26666666666666666	0.13333333333333333	0.13333333333333333	0.20000000000000004	0.007272727272727273	0.007272727272727273	0.0036363636363636364	0.0036363636363636364	0.005454545454545455	4	110	4	123	2	93	2	73	3	136	8	8	4	4	5
RNPS1	C1	0.9899955753294177	0.978830211697883	0.012727272727272726	0.28571428571428575	0.14285714285714288	0.14285714285714288	0.14285714285714288	0.28571428571428575	0.0036363636363636364	0.0018181818181818182	0.0018181818181818182	0.0018181818181818182	0.0036363636363636364	2	112	1	126	1	94	1	74	2	137	4	2	2	2	4
X17P.DEL	C2	3.594558649008105e-05	9.99990000099999e-06	0.24909090909090909	0.06569343065693431	0.5693430656934306	0.1094890510948905	0.06569343065693431	0.1897810218978102	0.016363636363636365	0.14181818181818182	0.02727272727272727	0.016363636363636365	0.04727272727272727	9	105	78	49	15	80	9	66	26	113	9	81	17	9	26
TP53	C2	3.594558649008105e-05	9.99990000099999e-06	0.22545454545454546	0.11290322580645161	0.5564516129032258	0.11290322580645161	0.11290322580645161	0.10483870967741934	0.025454545454545455	0.12545454545454546	0.025454545454545455	0.025454545454545455	0.023636363636363636	14	100	69	58	14	81	14	61	13	126	28	137	28	28	26
X15Q15.3.DEL	C2	3.594558649008105e-05	9.99990000099999e-06	0.26	0.11888111888111888	0.41258741258741255	0.15384615384615385	0.10489510489510488	0.20979020979020976	0.03090909090909091	0.10727272727272727	0.04	0.02727272727272727	0.05454545454545454	17	97	59	68	22	73	15	60	30	109	17	59	23	15	30
X6Q.DEL	C2	3.594558649008105e-05	9.99990000099999e-06	0.27636363636363637	0.21710526315789472	0.3618421052631579	0.11842105263157895	0.03947368421052632	0.2631578947368421	0.06	0.1	0.03272727272727273	0.01090909090909091	0.07272727272727272	33	81	55	72	18	77	6	69	40	99	33	55	19	6	41
X1P36.32.DEL	C2	3.594558649008105e-05	9.99990000099999e-06	0.22545454545454544	0.1370967741935484	0.43548387096774194	0.19354838709677422	0.10483870967741936	0.12903225806451615	0.03090909090909091	0.09818181818181818	0.04363636363636364	0.023636363636363636	0.02909090909090909	17	97	54	73	24	71	13	62	16	123	18	54	25	13	16
X1P36.11.DEL	C2	3.594558649008105e-05	9.99990000099999e-06	0.16727272727272727	0.10869565217391304	0.5869565217391304	0.09782608695652174	0.11956521739130435	0.08695652173913043	0.01818181818181818	0.09818181818181818	0.016363636363636365	0.02	0.014545454545454545	10	104	54	73	9	86	11	64	8	131	10	55	9	11	8
X11Q.AMP	C2	3.594558649008105e-05	9.99990000099999e-06	0.19272727272727275	0.12264150943396225	0.4528301886792453	0.08490566037735849	0.16037735849056603	0.1792452830188679	0.023636363636363636	0.08727272727272728	0.016363636363636365	0.03090909090909091	0.034545454545454546	13	101	48	79	9	86	17	58	19	120	14	56	9	18	19
X1P31.1.DEL	C2	3.594558649008105e-05	9.99990000099999e-06	0.14727272727272728	0.06172839506172839	0.5925925925925927	0.06172839506172839	0.1728395061728395	0.11111111111111112	0.00909090909090909	0.08727272727272728	0.00909090909090909	0.025454545454545455	0.016363636363636365	5	109	48	79	5	90	14	61	9	130	5	48	5	14	10
X1P13.1.DEL	C2	3.594558649008105e-05	9.99990000099999e-06	0.1618181818181818	0.13483146067415733	0.5280898876404494	0.06741573033707866	0.14606741573033707	0.12359550561797754	0.02181818181818182	0.08545454545454545	0.01090909090909091	0.023636363636363636	0.02	12	102	47	80	6	89	13	62	11	128	12	49	6	13	12
X4Q21.22.DEL	C2	3.594558649008105e-05	9.99990000099999e-06	0.15636363636363637	0.0813953488372093	0.5348837209302325	0.12790697674418605	0.05813953488372092	0.19767441860465115	0.012727272727272728	0.08363636363636363	0.02	0.00909090909090909	0.03090909090909091	7	107	46	81	11	84	5	70	17	122	7	46	11	5	18
X14Q32.31.DEL	C2	3.594558649008105e-05	9.99990000099999e-06	0.15454545454545454	0.21176470588235297	0.5294117647058824	0.07058823529411766	0.07058823529411766	0.11764705882352941	0.03272727272727273	0.08181818181818182	0.01090909090909091	0.01090909090909091	0.01818181818181818	18	96	45	82	6	89	6	69	10	129	18	47	7	6	10
X2P16.1.AMP	C2	3.594558649008105e-05	9.99990000099999e-06	0.2109090909090909	0.08620689655172413	0.37931034482758624	0.22413793103448276	0.21551724137931036	0.09482758620689656	0.01818181818181818	0.08	0.04727272727272727	0.045454545454545456	0.02	10	104	44	83	26	69	25	50	11	128	12	61	38	31	11
X21Q.AMP	C2	3.594558649008105e-05	9.99990000099999e-06	0.15818181818181817	0.10344827586206898	0.49425287356321845	0.16091954022988508	0.10344827586206898	0.13793103448275865	0.016363636363636365	0.07818181818181819	0.025454545454545455	0.016363636363636365	0.02181818181818182	9	105	43	84	14	81	9	66	12	127	9	53	16	9	12
X4Q35.1.DEL	C2	3.594558649008105e-05	9.99990000099999e-06	0.13454545454545455	0.05405405405405405	0.581081081081081	0.1081081081081081	0.05405405405405405	0.2027027027027027	0.007272727272727273	0.07818181818181819	0.014545454545454545	0.007272727272727273	0.02727272727272727	4	110	43	84	8	87	4	71	15	124	4	43	8	4	15
X8Q24.22.AMP	C2	3.594558649008105e-05	9.99990000099999e-06	0.19636363636363635	0.11111111111111113	0.38888888888888895	0.24074074074074076	0.07407407407407408	0.18518518518518517	0.02181818181818182	0.07636363636363637	0.04727272727272727	0.014545454545454545	0.03636363636363636	12	102	42	85	26	69	8	67	20	119	14	44	28	8	21
X9P21.3.DEL	C2	3.594558649008105e-05	9.99990000099999e-06	0.15272727272727274	0.10714285714285714	0.46428571428571425	0.08333333333333333	0.03571428571428571	0.3095238095238095	0.016363636363636365	0.07090909090909091	0.012727272727272728	0.005454545454545455	0.04727272727272727	9	105	39	88	7	88	3	72	26	113	10	46	8	3	32
X9Q21.13.DEL	C2	3.594558649008105e-05	9.99990000099999e-06	0.11090909090909092	0.08196721311475409	0.6065573770491803	0.016393442622950817	0.04918032786885246	0.24590163934426226	0.00909090909090909	0.06727272727272728	0.0018181818181818182	0.005454545454545455	0.02727272727272727	5	109	37	90	1	94	3	72	15	124	5	37	1	3	15
X16Q12.1.DEL	C2	3.594558649008105e-05	9.99990000099999e-06	0.10363636363636365	0.08771929824561402	0.6491228070175438	0.08771929824561402	0.08771929824561402	0.08771929824561402	0.00909090909090909	0.06727272727272728	0.00909090909090909	0.00909090909090909	0.00909090909090909	5	109	37	90	5	90	5	70	5	134	5	38	5	5	5
X2Q22.2.DEL	C2	3.594558649008105e-05	9.99990000099999e-06	0.10727272727272727	0.06779661016949153	0.6101694915254238	0.05084745762711865	0.1016949152542373	0.1694915254237288	0.007272727272727273	0.06545454545454546	0.005454545454545455	0.01090909090909091	0.01818181818181818	4	110	36	91	3	92	6	69	10	129	4	36	3	6	10
X8Q12.1.DEL	C2	3.594558649008105e-05	9.99990000099999e-06	0.12545454545454546	0.08695652173913045	0.463768115942029	0.04347826086956522	0.07246376811594202	0.3333333333333333	0.01090909090909091	0.05818181818181818	0.005454545454545455	0.00909090909090909	0.04181818181818182	6	108	32	95	3	92	5	70	23	116	6	33	3	5	23
X5P.AMP	C2	3.594558649008105e-05	9.99990000099999e-06	0.14727272727272728	0.35802469135802467	0.38271604938271603	0.13580246913580246	0.04938271604938271	0.07407407407407408	0.05272727272727273	0.056363636363636366	0.02	0.007272727272727273	0.01090909090909091	29	85	31	96	11	84	4	71	6	133	31	35	11	5	6
X19P13.2.DEL	C2	3.594558649008105e-05	9.99990000099999e-06	0.11636363636363636	0.04687500000000001	0.46875	0.0625	0.078125	0.34375	0.005454545454545455	0.05454545454545454	0.007272727272727273	0.00909090909090909	0.04	3	111	30	97	4	91	5	70	22	117	3	32	4	5	22
X13Q34.DEL	C2	3.594558649008105e-05	9.99990000099999e-06	0.09999999999999999	0.018181818181818184	0.4909090909090909	0.2545454545454546	0.09090909090909091	0.14545454545454548	0.0018181818181818182	0.04909090909090909	0.025454545454545455	0.00909090909090909	0.014545454545454545	1	113	27	100	14	81	5	70	8	131	1	29	14	5	8
X10Q23.31.DEL	C2	3.594558649008105e-05	9.99990000099999e-06	0.10363636363636364	0.052631578947368425	0.45614035087719296	0.2631578947368421	0.14035087719298245	0.08771929824561403	0.005454545454545455	0.04727272727272727	0.02727272727272727	0.014545454545454545	0.00909090909090909	3	111	26	101	15	80	8	67	5	134	3	27	17	8	6
X12P13.2.DEL	C2	3.594558649008105e-05	9.99990000099999e-06	0.07818181818181819	0.046511627906976744	0.5813953488372093	0.09302325581395349	0.046511627906976744	0.2325581395348837	0.0036363636363636364	0.045454545454545456	0.007272727272727273	0.0036363636363636364	0.01818181818181818	2	112	25	102	4	91	2	73	10	129	2	25	4	2	10
X3Q28.DEL	C2	3.594558649008105e-05	9.99990000099999e-06	0.08	0.3409090909090909	0.45454545454545453	0.0	0.11363636363636363	0.09090909090909091	0.02727272727272727	0.03636363636363636	0.0	0.00909090909090909	0.007272727272727273	15	99	20	107	0	95	5	70	4	135	16	22	0	5	4
X12P.AMP	C2	6.56783555621234e-05	1.999980000199998e-05	0.1890909090909091	0.10576923076923077	0.2980769230769231	0.2692307692307692	0.20192307692307696	0.125	0.02	0.056363636363636366	0.05090909090909091	0.038181818181818185	0.023636363636363636	11	103	31	96	28	67	21	54	13	126	11	31	28	21	13
X13Q14.2.DEL	C2	6.56783555621234e-05	1.999980000199998e-05	0.11454545454545453	0.0634920634920635	0.41269841269841273	0.33333333333333337	0.04761904761904763	0.14285714285714288	0.007272727272727273	0.04727272727272727	0.038181818181818185	0.005454545454545455	0.016363636363636365	4	110	26	101	21	74	3	72	9	130	4	26	22	3	9
X18Q21.32.AMP	C2	9.614361687708424e-05	2.999970000299997e-05	0.06	0.030303030303030304	0.48484848484848486	0.06060606060606061	0.030303030303030304	0.3939393939393939	0.0018181818181818182	0.02909090909090909	0.0036363636363636364	0.0018181818181818182	0.023636363636363636	1	113	16	111	2	93	1	74	13	126	1	26	3	1	16
X1Q42.12.DEL	C2	0.0001237196930356278	3.999960000399996e-05	0.09454545454545454	0.057692307692307696	0.46153846153846156	0.09615384615384615	0.038461538461538464	0.3461538461538462	0.005454545454545455	0.04363636363636364	0.00909090909090909	0.0036363636363636364	0.03272727272727273	3	111	24	103	5	90	2	73	18	121	3	24	5	2	19
X18Q23.DEL	C2	0.0001237196930356278	3.999960000399996e-05	0.09636363636363636	0.09433962264150943	0.4339622641509434	0.2830188679245283	0.11320754716981134	0.07547169811320754	0.00909090909090909	0.04181818181818182	0.02727272727272727	0.01090909090909091	0.007272727272727273	5	109	23	104	15	80	6	69	4	135	5	24	16	6	4
X7Q22.1.AMP	C2	0.00015287203449804583	4.999950000499995e-05	0.07818181818181819	0.06976744186046512	0.48837209302325585	0.2325581395348837	0.13953488372093023	0.06976744186046512	0.005454545454545455	0.038181818181818185	0.01818181818181818	0.01090909090909091	0.005454545454545455	3	111	21	106	10	85	6	69	3	136	3	34	15	8	3
X3P21.31.DEL	C2	0.0005093566085615739	0.0001799982000179998	0.1672727272727273	0.18478260869565216	0.4130434782608695	0.17391304347826084	0.08695652173913042	0.14130434782608695	0.03090909090909091	0.06909090909090909	0.02909090909090909	0.014545454545454545	0.023636363636363636	17	97	38	89	16	79	8	67	13	126	17	38	18	8	13
X11P.AMP	C2	0.0007328498143589993	0.00026999730002699973	0.14181818181818182	0.10256410256410256	0.41025641025641024	0.14102564102564102	0.1923076923076923	0.15384615384615385	0.014545454545454545	0.05818181818181818	0.02	0.02727272727272727	0.02181818181818182	8	106	32	95	11	84	15	60	12	127	8	34	11	17	12
X7P.AMP	C2	0.0008440300212382492	0.00032999670003299966	0.30727272727272725	0.11242603550295859	0.3017751479289941	0.21301775147928997	0.15384615384615385	0.21893491124260359	0.034545454545454546	0.09272727272727273	0.06545454545454546	0.04727272727272727	0.06727272727272728	19	95	51	76	36	59	26	49	37	102	20	55	42	28	39
X19P13.3.DEL	C2	0.0008440300212382492	0.00032999670003299966	0.1709090909090909	0.10638297872340426	0.39361702127659576	0.13829787234042554	0.0851063829787234	0.2765957446808511	0.01818181818181818	0.06727272727272728	0.023636363636363636	0.014545454545454545	0.04727272727272727	10	104	37	90	13	82	8	67	26	113	11	41	17	10	29
X6P.AMP	C2	0.002351226487735123	0.000989990100098999	0.20545454545454545	0.17699115044247787	0.36283185840707965	0.15929203539823011	0.05309734513274337	0.24778761061946905	0.03636363636363636	0.07454545454545454	0.03272727272727273	0.01090909090909091	0.05090909090909091	20	94	41	86	18	77	6	69	28	111	21	46	20	6	29
X17Q24.3.AMP	C2	0.003233243529633669	0.0014099859001409985	0.12000000000000001	0.10606060606060605	0.43939393939393934	0.1515151515151515	0.1212121212121212	0.18181818181818182	0.012727272727272728	0.05272727272727273	0.01818181818181818	0.014545454545454545	0.02181818181818182	7	107	29	98	10	85	8	67	12	127	9	30	13	10	14
X13Q.AMP	C2	0.0032738134157119965	0.0014399856001439985	0.14363636363636365	0.12658227848101264	0.3924050632911392	0.08860759493670886	0.10126582278481013	0.2911392405063291	0.01818181818181818	0.056363636363636366	0.012727272727272728	0.014545454545454545	0.04181818181818182	10	104	31	96	7	88	8	67	23	116	10	32	7	8	23
X3Q28.AMP	C2	0.00488028177569464	0.0022199778002219978	0.07090909090909092	0.07692307692307691	0.4871794871794871	0.2051282051282051	0.07692307692307691	0.15384615384615383	0.005454545454545455	0.034545454545454546	0.014545454545454545	0.005454545454545455	0.01090909090909091	3	111	19	108	8	87	3	72	6	133	3	23	10	3	7
X9P24.1.AMP	C2	0.005450765164479504	0.0024999750002499977	0.14181818181818182	0.20512820512820512	0.39743589743589747	0.07692307692307693	0.08974358974358974	0.23076923076923078	0.02909090909090909	0.056363636363636366	0.01090909090909091	0.012727272727272728	0.03272727272727273	16	98	31	96	6	89	7	68	18	121	21	38	7	8	21
X19Q13.32.DEL	C2	0.006724412755872442	0.003159968400315997	0.045454545454545456	0.04	0.56	0.08	0.08	0.24000000000000002	0.0018181818181818182	0.025454545454545455	0.0036363636363636364	0.0036363636363636364	0.01090909090909091	1	113	14	113	2	93	2	73	6	133	1	14	2	2	7
EP300	C2	0.006924375200692438	0.0032799672003279968	0.10181818181818182	0.14285714285714285	0.32142857142857145	0.32142857142857145	0.08928571428571427	0.125	0.014545454545454545	0.03272727272727273	0.03272727272727273	0.00909090909090909	0.012727272727272728	8	106	18	109	18	77	5	70	7	132	12	34	34	10	13
X11Q23.3.AMP	C2	0.012000338011887057	0.005909940900590994	0.11454545454545456	0.19047619047619047	0.3968253968253968	0.07936507936507935	0.06349206349206349	0.2698412698412698	0.02181818181818182	0.045454545454545456	0.00909090909090909	0.007272727272727273	0.03090909090909091	12	102	25	102	5	90	4	71	17	122	13	35	7	4	20
X7Q.AMP	C2	0.012876689414924033	0.006389936100638993	0.2727272727272727	0.12000000000000002	0.3066666666666667	0.18666666666666668	0.15333333333333335	0.23333333333333334	0.03272727272727273	0.08363636363636363	0.05090909090909091	0.04181818181818182	0.06363636363636363	18	96	46	81	28	67	23	52	35	104	18	49	32	23	38
ZNF423	C2	0.015499845001549984	0.007749922500774992	0.04	0.22727272727272727	0.4090909090909091	0.045454545454545456	0.27272727272727276	0.045454545454545456	0.00909090909090909	0.016363636363636365	0.0018181818181818182	0.01090909090909091	0.0018181818181818182	5	109	9	118	1	94	6	69	1	138	9	15	2	9	2
X12Q.AMP	C2	0.02562377253925302	0.013389866101338986	0.20727272727272728	0.14035087719298245	0.2543859649122807	0.2543859649122807	0.16666666666666666	0.1842105263157895	0.02909090909090909	0.05272727272727273	0.05272727272727273	0.034545454545454546	0.038181818181818185	16	98	29	98	29	66	19	56	21	118	16	29	29	19	21
X1Q.AMP	C2	0.027561852041054057	0.014609853901460985	0.23636363636363636	0.16923076923076924	0.3076923076923077	0.17692307692307693	0.17692307692307693	0.16923076923076924	0.04	0.07272727272727272	0.04181818181818182	0.04181818181818182	0.04	22	92	40	87	23	72	23	52	22	117	22	42	23	24	22
X17Q25.1.DEL	C2	0.02792972070279297	0.014909850901490985	0.08545454545454545	0.1702127659574468	0.425531914893617	0.06382978723404256	0.0851063829787234	0.25531914893617025	0.014545454545454545	0.03636363636363636	0.005454545454545455	0.007272727272727273	0.02181818181818182	8	106	20	107	3	92	4	71	12	127	9	21	3	4	12
X6P21.1.AMP	C2	0.06938531921870324	0.03990960090399096	0.061818181818181814	0.17647058823529416	0.4411764705882353	0.11764705882352942	0.029411764705882356	0.23529411764705885	0.01090909090909091	0.02727272727272727	0.007272727272727273	0.0018181818181818182	0.014545454545454545	6	108	15	112	4	91	1	74	8	131	7	21	6	1	10
X1Q23.3.AMP	C2	0.07164877069178026	0.042019579804201956	0.09636363636363637	0.11320754716981132	0.3962264150943396	0.18867924528301883	0.09433962264150941	0.20754716981132074	0.01090909090909091	0.038181818181818185	0.01818181818181818	0.00909090909090909	0.02	6	108	21	106	10	85	5	70	11	128	6	26	16	5	11
X9Q.AMP	C2	0.08530202197978021	0.05112948870511295	0.11090909090909092	0.13114754098360654	0.36065573770491804	0.09836065573770492	0.11475409836065574	0.29508196721311475	0.014545454545454545	0.04	0.01090909090909091	0.012727272727272728	0.03272727272727273	8	106	22	105	6	89	7	68	18	121	8	24	6	7	18
X13Q31.3.AMP	C2	0.1169426859948268	0.07297927020729793	0.07636363636363637	0.21428571428571427	0.3571428571428571	0.19047619047619047	0.14285714285714285	0.09523809523809523	0.016363636363636365	0.02727272727272727	0.014545454545454545	0.01090909090909091	0.007272727272727273	9	105	15	112	8	87	6	69	4	135	11	23	10	6	4
COPS6	C2	0.12653190833361125	0.07943920560794392	0.02181818181818182	0.25	0.5	0.16666666666666666	0.08333333333333333	0.0	0.005454545454545455	0.01090909090909091	0.0036363636363636364	0.0018181818181818182	0.0	3	111	6	121	2	93	1	74	0	139	6	9	3	2	0
FCGBP	C2	0.20391651639039166	0.13798862011379887	0.11818181818181818	0.15384615384615385	0.3076923076923077	0.16923076923076924	0.06153846153846154	0.3076923076923077	0.01818181818181818	0.03636363636363636	0.02	0.007272727272727273	0.03636363636363636	10	104	20	107	11	84	4	71	20	119	17	33	17	4	35
XPO1	C2	0.2642053579464205	0.18871811281887182	0.029090909090909094	0.1875	0.375	0.12499999999999999	0.24999999999999997	0.06249999999999999	0.005454545454545455	0.01090909090909091	0.0036363636363636364	0.007272727272727273	0.0018181818181818182	3	111	6	121	2	93	4	71	1	138	5	11	3	7	1
RC3H1	C2	0.2833767517247107	0.20560794392056078	0.02909090909090909	0.125	0.4375	0.125	0.0	0.3125	0.0036363636363636364	0.012727272727272728	0.0036363636363636364	0.0	0.00909090909090909	2	112	7	120	2	93	0	75	5	134	4	14	4	0	10
TLR2	C2	0.39152711921156647	0.2986670133298667	0.03090909090909091	0.23529411764705882	0.35294117647058826	0.17647058823529413	0.17647058823529413	0.058823529411764705	0.007272727272727273	0.01090909090909091	0.005454545454545455	0.005454545454545455	0.0018181818181818182	4	110	6	121	3	92	3	72	1	138	8	12	6	6	2
KDELR3	C2	0.39152711921156647	0.2987970120298797	0.01090909090909091	0.0	0.3333333333333333	0.0	0.3333333333333333	0.3333333333333333	0.0	0.0036363636363636364	0.0	0.0036363636363636364	0.0036363636363636364	0	114	2	125	0	95	2	73	2	137	0	4	0	4	4
P2RY8	C2	0.4065326013406533	0.31177688223117767	0.07999999999999999	0.18181818181818185	0.25000000000000006	0.18181818181818185	0.2272727272727273	0.15909090909090912	0.014545454545454545	0.02	0.014545454545454545	0.01818181818181818	0.012727272727272728	8	106	11	116	8	87	10	65	7	132	16	21	16	20	14
PELP1	C2	0.5811620616825506	0.4828451715482845	0.018181818181818184	0.19999999999999998	0.3	0.09999999999999999	0.3	0.09999999999999999	0.0036363636363636364	0.005454545454545455	0.0018181818181818182	0.005454545454545455	0.0018181818181818182	2	112	3	124	1	94	3	72	1	138	4	4	2	5	2
X12P12.1.AMP	C2	0.6097780277802604	0.5112048879511205	0.030909090909090907	0.05882352941176471	0.3529411764705883	0.17647058823529416	0.11764705882352942	0.29411764705882354	0.0018181818181818182	0.01090909090909091	0.005454545454545455	0.0036363636363636364	0.00909090909090909	1	113	6	121	3	92	2	73	5	134	1	8	4	3	6
X17P11.2.DEL	C2	0.6951812184005819	0.6141638583614164	0.012727272727272726	0.0	0.42857142857142866	0.14285714285714288	0.14285714285714288	0.28571428571428575	0.0	0.005454545454545455	0.0018181818181818182	0.0018181818181818182	0.0036363636363636364	0	114	3	124	1	94	1	74	2	137	0	3	1	1	2
HIAT1	C2	0.7809681903180969	0.7193128068719313	0.014545454545454544	0.12500000000000003	0.25000000000000006	0.25000000000000006	0.25000000000000006	0.12500000000000003	0.0018181818181818182	0.0036363636363636364	0.0036363636363636364	0.0036363636363636364	0.0018181818181818182	1	113	2	125	2	93	2	73	1	138	2	3	3	4	2
NEK5	C2	0.8104842028502791	0.7525924740752592	0.023636363636363636	0.07692307692307693	0.3076923076923077	0.23076923076923078	0.15384615384615385	0.23076923076923078	0.0018181818181818182	0.007272727272727273	0.005454545454545455	0.0036363636363636364	0.005454545454545455	1	113	4	123	3	92	2	73	3	136	2	8	6	4	6
E2F5	C2	0.8607248327516726	0.8089519104808952	0.03636363636363636	0.2	0.30000000000000004	0.2	0.15000000000000002	0.15000000000000002	0.007272727272727273	0.01090909090909091	0.007272727272727273	0.005454545454545455	0.005454545454545455	4	110	6	121	4	91	3	72	3	136	7	12	8	6	6
RAD9A	C2	0.8787196049608131	0.8411115888841112	0.012727272727272726	0.14285714285714288	0.42857142857142866	0.14285714285714288	0.14285714285714288	0.14285714285714288	0.0018181818181818182	0.005454545454545455	0.0018181818181818182	0.0018181818181818182	0.0018181818181818182	1	113	3	124	1	94	1	74	1	138	1	5	2	2	2
TMCO4	C2	0.9206198988593772	0.8894711052889471	0.02	0.18181818181818182	0.36363636363636365	0.09090909090909091	0.09090909090909091	0.27272727272727276	0.0036363636363636364	0.007272727272727273	0.0018181818181818182	0.0018181818181818182	0.005454545454545455	2	112	4	123	1	94	1	74	3	136	3	8	1	1	4
NIPA2	C2	0.9579512732004463	0.9291407085929141	0.01818181818181818	0.1	0.30000000000000004	0.2	0.1	0.30000000000000004	0.0018181818181818182	0.005454545454545455	0.0036363636363636364	0.0018181818181818182	0.005454545454545455	1	113	3	124	2	93	1	74	3	136	2	5	4	2	5
CCDC159	C2	0.9638038754747588	0.9384406155938441	0.014545454545454545	0.125	0.37500000000000006	0.125	0.125	0.25	0.0018181818181818182	0.005454545454545455	0.0018181818181818182	0.0018181818181818182	0.0036363636363636364	1	113	3	124	1	94	1	74	2	137	2	6	2	2	4
KRTAP5.1	C2	0.9880988976369779	0.9732402675973241	0.010909090909090908	0.16666666666666669	0.33333333333333337	0.16666666666666669	0.16666666666666669	0.16666666666666669	0.0018181818181818182	0.0036363636363636364	0.0018181818181818182	0.0018181818181818182	0.0018181818181818182	1	113	2	125	1	94	1	74	1	138	2	4	2	2	1
DCDC2B	C2	0.9900119866725862	0.982650173498265	0.014545454545454545	0.125	0.25	0.25	0.125	0.25	0.0018181818181818182	0.0036363636363636364	0.0036363636363636364	0.0018181818181818182	0.0036363636363636364	1	113	2	125	2	93	1	74	2	137	1	4	4	2	4
SV.BCL2	C3	3.594558649008105e-05	9.99990000099999e-06	0.14727272727272728	0.024691358024691357	0.18518518518518517	0.7037037037037037	0.04938271604938271	0.03703703703703704	0.0036363636363636364	0.02727272727272727	0.10363636363636364	0.007272727272727273	0.005454545454545455	2	112	15	112	57	38	4	71	3	136	6	45	171	12	9
BCL2	C3	3.594558649008105e-05	9.99990000099999e-06	0.1618181818181818	0.03370786516853933	0.14606741573033707	0.5842696629213483	0.06741573033707866	0.16853932584269662	0.005454545454545455	0.023636363636363636	0.09454545454545454	0.01090909090909091	0.02727272727272727	3	111	13	114	52	43	6	69	15	124	5	26	94	12	24
CREBBP	C3	3.594558649008105e-05	9.99990000099999e-06	0.18181818181818182	0.15	0.18000000000000002	0.45999999999999996	0.060000000000000005	0.15	0.02727272727272727	0.03272727272727273	0.08363636363636363	0.01090909090909091	0.02727272727272727	15	99	18	109	46	49	6	69	15	124	29	33	92	12	30
TNFRSF14	C3	3.594558649008105e-05	9.99990000099999e-06	0.14545454545454545	0.17500000000000002	0.15000000000000002	0.47500000000000003	0.17500000000000002	0.025	0.025454545454545455	0.02181818181818182	0.06909090909090909	0.025454545454545455	0.0036363636363636364	14	100	12	115	38	57	14	61	2	137	27	23	76	28	3
EZH2	C3	3.594558649008105e-05	9.99990000099999e-06	0.08545454545454544	0.04255319148936171	0.148936170212766	0.7446808510638299	0.021276595744680854	0.04255319148936171	0.0036363636363636364	0.012727272727272728	0.06363636363636363	0.0018181818181818182	0.0036363636363636364	2	112	7	120	35	60	1	74	2	137	3	14	70	2	4
HVCN1	C3	3.594558649008105e-05	9.99990000099999e-06	0.027272727272727275	0.06666666666666667	0.06666666666666667	0.8	0.0	0.06666666666666667	0.0018181818181818182	0.0018181818181818182	0.02181818181818182	0.0	0.0018181818181818182	1	113	1	126	12	83	0	75	1	138	2	2	24	0	2
KMT2D	C3	6.56783555621234e-05	1.999980000199998e-05	0.32181818181818184	0.1638418079096045	0.2033898305084746	0.29378531073446323	0.10734463276836158	0.23163841807909602	0.05272727272727273	0.06545454545454546	0.09454545454545454	0.034545454545454546	0.07454545454545454	29	85	36	91	52	43	19	56	41	98	56	71	103	38	77
IRF8	C3	0.0005093566085615739	0.0001799982000179998	0.0890909090909091	0.22448979591836735	0.12244897959183673	0.3673469387755102	0.2040816326530612	0.08163265306122448	0.02	0.01090909090909091	0.03272727272727273	0.01818181818181818	0.007272727272727273	11	103	6	121	18	77	10	65	4	135	22	12	33	19	7
GNA13	C3	0.0005319946800531995	0.00018999810001899982	0.09272727272727273	0.19607843137254902	0.11764705882352942	0.39215686274509803	0.17647058823529413	0.11764705882352942	0.01818181818181818	0.01090909090909091	0.03636363636363636	0.016363636363636365	0.01090909090909091	10	104	6	121	20	75	9	66	6	133	20	12	40	18	12
MAP2K1	C3	0.0013177849872877418	0.0005399946000539995	0.039999999999999994	0.2727272727272728	0.04545454545454546	0.4545454545454546	0.18181818181818185	0.04545454545454546	0.01090909090909091	0.0018181818181818182	0.01818181818181818	0.007272727272727273	0.0018181818181818182	6	108	1	126	10	85	4	71	1	138	11	2	19	8	1
SV.MYC	C3	0.002871829688782758	0.0012199878001219987	0.06727272727272728	0.08108108108108109	0.24324324324324326	0.4324324324324324	0.1081081081081081	0.13513513513513511	0.005454545454545455	0.016363636363636365	0.02909090909090909	0.007272727272727273	0.00909090909090909	3	111	9	118	16	79	4	71	5	134	9	27	48	12	15
SOCS1	C3	0.0029399706002939973	0.0012599874001259987	0.13090909090909092	0.2222222222222222	0.13888888888888887	0.25	0.25	0.13888888888888887	0.02909090909090909	0.01818181818181818	0.03272727272727273	0.03272727272727273	0.01818181818181818	16	98	10	117	18	77	18	57	10	129	31	18	35	30	19
PTEN	C3	0.004559954400455995	0.002039979600203998	0.04181818181818182	0.13043478260869568	0.08695652173913043	0.34782608695652173	0.34782608695652173	0.08695652173913043	0.005454545454545455	0.0036363636363636364	0.014545454545454545	0.014545454545454545	0.0036363636363636364	3	111	2	125	8	87	8	67	2	137	6	4	16	16	4
MEF2C	C3	0.004610620560461062	0.0020799792002079978	0.02	0.0	0.0	0.45454545454545453	0.36363636363636365	0.18181818181818182	0.0	0.0	0.00909090909090909	0.007272727272727273	0.0036363636363636364	0	114	0	127	5	90	4	71	2	137	0	0	9	8	3
MEF2B	C3	0.016158345879227775	0.008139918600813992	0.08	0.25	0.18181818181818182	0.36363636363636365	0.06818181818181819	0.13636363636363638	0.02	0.014545454545454545	0.02909090909090909	0.005454545454545455	0.01090909090909091	11	103	8	119	16	79	3	72	6	133	21	15	31	6	12
EEF1A1	C3	0.06352227868449792	0.036059639403605966	0.04727272727272727	0.07692307692307693	0.11538461538461539	0.3076923076923077	0.2692307692307692	0.23076923076923078	0.0036363636363636364	0.005454545454545455	0.014545454545454545	0.012727272727272728	0.01090909090909091	2	112	3	124	8	87	7	68	6	133	4	5	16	13	10
POU2AF1	C3	0.08734956128699584	0.05286947130528695	0.025454545454545455	0.2142857142857143	0.07142857142857142	0.3571428571428571	0.2857142857142857	0.07142857142857142	0.005454545454545455	0.0018181818181818182	0.00909090909090909	0.007272727272727273	0.0018181818181818182	3	111	1	126	5	90	4	71	1	138	6	2	9	8	2
ADCY7	C3	0.16643178395802247	0.10886891131088688	0.027272727272727275	0.26666666666666666	0.13333333333333333	0.4	0.13333333333333333	0.06666666666666667	0.007272727272727273	0.0036363636363636364	0.01090909090909091	0.0036363636363636364	0.0018181818181818182	4	110	2	125	6	89	2	73	1	138	6	3	9	3	2
STAT6	C3	0.2311588776004132	0.16076839231607684	0.029090909090909087	0.06250000000000001	0.25000000000000006	0.3125	0.25000000000000006	0.12500000000000003	0.0018181818181818182	0.007272727272727273	0.00909090909090909	0.007272727272727273	0.0036363636363636364	1	113	4	123	5	90	4	71	2	137	2	8	10	7	3
SIN3A	C3	0.2551310657106195	0.18004819951800483	0.03636363636363636	0.15000000000000002	0.2	0.4	0.1	0.15000000000000002	0.005454545454545455	0.007272727272727273	0.014545454545454545	0.0036363636363636364	0.005454545454545455	3	111	4	123	8	87	2	73	3	136	4	8	15	4	6
IL4R	C3	0.2833767517247107	0.2051579484205158	0.025454545454545455	0.14285714285714285	0.2142857142857143	0.3571428571428571	0.2142857142857143	0.07142857142857142	0.0036363636363636364	0.005454545454545455	0.00909090909090909	0.005454545454545455	0.0018181818181818182	2	112	3	124	5	90	3	72	1	138	3	6	9	6	2
OR6K2	C3	0.4544100013545319	0.35656643433565666	0.016363636363636365	0.1111111111111111	0.2222222222222222	0.4444444444444444	0.1111111111111111	0.1111111111111111	0.0018181818181818182	0.0036363636363636364	0.007272727272727273	0.0018181818181818182	0.0018181818181818182	1	113	2	125	4	91	1	74	1	138	1	4	8	2	2
NFATC4	C3	0.4931940351957983	0.3943360566394336	0.023636363636363636	0.15384615384615385	0.07692307692307693	0.3076923076923077	0.23076923076923078	0.23076923076923078	0.0036363636363636364	0.0018181818181818182	0.007272727272727273	0.005454545454545455	0.005454545454545455	2	112	1	126	4	91	3	72	3	136	3	2	6	5	6
HLA.DMA	C3	0.5172101767354419	0.4180458195418046	0.010909090909090908	0.16666666666666669	0.16666666666666669	0.5000000000000001	0.0	0.16666666666666669	0.0018181818181818182	0.0018181818181818182	0.005454545454545455	0.0	0.0018181818181818182	1	113	1	126	3	92	0	75	1	138	2	2	6	0	2
RUSC1	C3	0.6124588754112459	0.5157548424515754	0.02181818181818182	0.25	0.08333333333333333	0.3333333333333333	0.08333333333333333	0.25	0.005454545454545455	0.0018181818181818182	0.007272727272727273	0.0018181818181818182	0.005454545454545455	3	111	1	126	4	91	1	74	3	136	6	2	8	2	6
VEZF1	C3	0.8839112390126099	0.8506814931850681	0.02	0.18181818181818182	0.18181818181818182	0.27272727272727276	0.18181818181818182	0.18181818181818182	0.0036363636363636364	0.0036363636363636364	0.005454545454545455	0.0036363636363636364	0.0036363636363636364	2	112	2	125	3	92	2	73	2	137	3	4	6	4	3
HIST1H1E	C4	3.594558649008105e-05	9.99990000099999e-06	0.2018181818181818	0.24324324324324323	0.16216216216216217	0.11711711711711711	0.33333333333333337	0.14414414414414414	0.04909090909090909	0.03272727272727273	0.023636363636363636	0.06727272727272728	0.02909090909090909	27	87	18	109	13	82	37	38	16	123	50	34	24	71	30
SGK1	C4	3.594558649008105e-05	9.99990000099999e-06	0.12363636363636363	0.13235294117647062	0.1911764705882353	0.14705882352941177	0.5000000000000001	0.029411764705882356	0.016363636363636365	0.023636363636363636	0.01818181818181818	0.06181818181818182	0.0036363636363636364	9	105	13	114	10	85	34	41	2	137	18	26	20	66	4
DUSP2	C4	3.594558649008105e-05	9.99990000099999e-06	0.16	0.19318181818181818	0.1590909090909091	0.045454545454545456	0.30681818181818177	0.29545454545454547	0.03090909090909091	0.025454545454545455	0.007272727272727273	0.04909090909090909	0.04727272727272727	17	97	14	113	4	91	27	48	26	113	28	24	7	49	41
LTB	C4	3.594558649008105e-05	9.99990000099999e-06	0.09636363636363637	0.20754716981132074	0.1320754716981132	0.11320754716981132	0.4528301886792453	0.09433962264150941	0.02	0.012727272727272728	0.01090909090909091	0.04363636363636364	0.00909090909090909	11	103	7	120	6	89	24	51	5	134	17	13	10	45	10
KLHL6	C4	3.594558649008105e-05	9.99990000099999e-06	0.09636363636363637	0.1320754716981132	0.20754716981132074	0.05660377358490566	0.4150943396226415	0.18867924528301883	0.012727272727272728	0.02	0.005454545454545455	0.04	0.01818181818181818	7	107	11	116	3	92	22	53	10	129	13	22	5	43	20
ZFP36L1	C4	3.594558649008105e-05	9.99990000099999e-06	0.10545454545454547	0.10344827586206896	0.0689655172413793	0.1379310344827586	0.3620689655172414	0.3275862068965517	0.01090909090909091	0.007272727272727273	0.014545454545454545	0.038181818181818185	0.034545454545454546	6	108	4	123	8	87	21	54	19	120	10	7	16	39	32
HIST1H2BC	C4	3.594558649008105e-05	9.99990000099999e-06	0.08727272727272728	0.29166666666666663	0.14583333333333331	0.0625	0.3958333333333333	0.10416666666666666	0.025454545454545455	0.012727272727272728	0.005454545454545455	0.034545454545454546	0.00909090909090909	14	100	7	120	3	92	19	56	5	134	26	12	5	28	7
CD83	C4	3.594558649008105e-05	9.99990000099999e-06	0.05454545454545455	0.16666666666666666	0.1	0.06666666666666667	0.6	0.06666666666666667	0.00909090909090909	0.005454545454545455	0.0036363636363636364	0.03272727272727273	0.0036363636363636364	5	109	3	124	2	93	18	57	2	137	9	6	4	34	4
NFKBIA	C4	3.594558649008105e-05	9.99990000099999e-06	0.045454545454545456	0.04	0.04	0.28	0.64	0.0	0.0018181818181818182	0.0018181818181818182	0.012727272727272728	0.02909090909090909	0.0	1	113	1	126	7	88	16	59	0	139	2	2	14	29	0
TET2	C4	3.594558649008105e-05	9.99990000099999e-06	0.04909090909090909	0.11111111111111113	0.11111111111111113	0.0	0.5185185185185186	0.2592592592592593	0.005454545454545455	0.005454545454545455	0.0	0.025454545454545455	0.012727272727272728	3	111	3	124	0	95	14	61	7	132	6	6	0	28	13
BRAF	C4	3.594558649008105e-05	9.99990000099999e-06	0.05818181818181818	0.18750000000000003	0.25	0.125	0.4375	0.0	0.01090909090909091	0.014545454545454545	0.007272727272727273	0.025454545454545455	0.0	6	108	8	119	4	91	14	61	0	139	11	14	8	27	0
HIST1H1C	C4	6.56783555621234e-05	1.999980000199998e-05	0.1290909090909091	0.18309859154929578	0.16901408450704228	0.14084507042253522	0.36619718309859156	0.14084507042253522	0.023636363636363636	0.02181818181818182	0.01818181818181818	0.04727272727272727	0.01818181818181818	13	101	12	115	10	85	26	49	10	129	24	21	18	49	18
PTPN6	C4	6.56783555621234e-05	1.999980000199998e-05	0.04909090909090909	0.18518518518518517	0.07407407407407408	0.07407407407407408	0.5185185185185186	0.14814814814814817	0.00909090909090909	0.0036363636363636364	0.0036363636363636364	0.025454545454545455	0.007272727272727273	5	109	2	125	2	93	14	61	4	135	10	4	4	28	8
YY1	C4	6.56783555621234e-05	1.999980000199998e-05	0.03636363636363637	0.24999999999999994	0.0	0.09999999999999999	0.5499999999999999	0.09999999999999999	0.00909090909090909	0.0	0.0036363636363636364	0.02	0.0036363636363636364	5	109	0	127	2	93	11	64	2	137	9	0	4	22	4
CRIP1	C4	0.0001237196930356278	3.999960000399996e-05	0.023636363636363636	0.23076923076923078	0.07692307692307693	0.07692307692307693	0.6153846153846154	0.0	0.005454545454545455	0.0018181818181818182	0.0018181818181818182	0.014545454545454545	0.0	3	111	1	126	1	94	8	67	0	139	5	2	2	15	0
RAC2	C4	0.00017733156001773317	5.999940000599994e-05	0.027272727272727275	0.06666666666666667	0.0	0.4	0.4666666666666666	0.06666666666666667	0.0018181818181818182	0.0	0.01090909090909091	0.012727272727272728	0.0018181818181818182	1	113	0	127	6	89	7	68	1	138	2	0	12	13	2
HIST1H1B	C4	0.00023384381540799977	7.999920000799993e-05	0.09818181818181819	0.18518518518518517	0.14814814814814814	0.09259259259259259	0.37037037037037035	0.2037037037037037	0.01818181818181818	0.014545454545454545	0.00909090909090909	0.03636363636363636	0.02	10	104	8	119	5	90	20	55	11	128	18	13	9	37	21
HIST1H2AM	C4	0.0005818691813081869	0.0002099979000209998	0.09454545454545454	0.21153846153846154	0.15384615384615385	0.1346153846153846	0.3653846153846154	0.1346153846153846	0.02	0.014545454545454545	0.012727272727272728	0.034545454545454546	0.012727272727272728	11	103	8	119	7	88	19	56	7	132	17	15	11	33	10
STAT3	C4	0.0007713922860771392	0.0002899971000289997	0.08	0.18181818181818182	0.11363636363636363	0.13636363636363638	0.38636363636363635	0.18181818181818182	0.014545454545454545	0.00909090909090909	0.01090909090909091	0.03090909090909091	0.014545454545454545	8	106	5	122	6	89	17	58	8	131	16	10	12	34	15
HIST1H1D	C4	0.0008440300212382492	0.00032999670003299966	0.07090909090909091	0.15384615384615385	0.1282051282051282	0.1282051282051282	0.41025641025641024	0.1794871794871795	0.01090909090909091	0.00909090909090909	0.00909090909090909	0.02909090909090909	0.012727272727272728	6	108	5	122	5	90	16	59	7	132	12	9	9	32	12
ACTB	C4	0.000911990880091199	0.0003599964000359996	0.10181818181818181	0.14285714285714288	0.16071428571428575	0.16071428571428575	0.35714285714285715	0.17857142857142858	0.014545454545454545	0.016363636363636365	0.016363636363636365	0.03636363636363636	0.01818181818181818	8	106	9	118	9	86	20	55	10	129	16	16	16	36	20
SESN3	C4	0.0011041399019972066	0.00043999560004399956	0.016363636363636365	0.2222222222222222	0.0	0.0	0.6666666666666666	0.1111111111111111	0.0036363636363636364	0.0	0.0	0.01090909090909091	0.0018181818181818182	2	112	0	127	0	95	6	69	1	138	3	0	0	12	2
PABPC1	C4	0.009559279407205929	0.004599954000459996	0.025454545454545455	0.2142857142857143	0.07142857142857142	0.14285714285714285	0.5	0.07142857142857142	0.005454545454545455	0.0018181818181818182	0.0036363636363636364	0.012727272727272728	0.0018181818181818182	3	111	1	126	2	93	7	68	1	138	6	1	4	13	2
KRAS	C4	0.01645242806831191	0.008349916500834992	0.03090909090909091	0.11764705882352941	0.11764705882352941	0.17647058823529413	0.47058823529411764	0.11764705882352941	0.0036363636363636364	0.0036363636363636364	0.005454545454545455	0.014545454545454545	0.0036363636363636364	2	112	2	125	3	92	8	67	2	137	4	4	6	16	4
HIST1H2AC	C4	0.024383089502438306	0.012649873501264987	0.11636363636363636	0.234375	0.125	0.125	0.265625	0.25	0.02727272727272727	0.014545454545454545	0.014545454545454545	0.03090909090909091	0.02909090909090909	15	99	8	119	8	87	17	58	16	123	26	14	12	25	27
CD274	C4	0.04698679040606854	0.025789742102578974	0.023636363636363636	0.15384615384615385	0.3076923076923077	0.15384615384615385	0.3846153846153846	0.0	0.0036363636363636364	0.007272727272727273	0.0036363636363636364	0.00909090909090909	0.0	2	112	4	123	2	93	5	70	0	139	4	8	4	10	0
METAP1D	C4	0.0966076228808264	0.05919940800591994	0.012727272727272728	0.14285714285714285	0.0	0.0	0.4285714285714286	0.4285714285714286	0.0018181818181818182	0.0	0.0	0.005454545454545455	0.005454545454545455	1	113	0	127	0	95	3	72	3	136	2	0	0	6	5
FOXO1	C4	0.11181619891118162	0.06893931060689393	0.08	0.22727272727272727	0.13636363636363638	0.18181818181818182	0.27272727272727276	0.18181818181818182	0.01818181818181818	0.01090909090909091	0.014545454545454545	0.02181818181818182	0.014545454545454545	10	104	6	121	8	87	12	63	8	131	19	11	15	23	15
ARID5B	C4	0.29505451138382016	0.21632783672163278	0.05272727272727272	0.13793103448275865	0.13793103448275865	0.1724137931034483	0.2758620689655173	0.2758620689655173	0.007272727272727273	0.007272727272727273	0.00909090909090909	0.014545454545454545	0.014545454545454545	4	110	4	123	5	90	8	67	8	131	7	4	8	14	15
SLAMF6	C4	0.29505451138382016	0.2152378476215238	0.016363636363636365	0.2222222222222222	0.0	0.1111111111111111	0.3333333333333333	0.3333333333333333	0.0036363636363636364	0.0	0.0018181818181818182	0.005454545454545455	0.005454545454545455	2	112	0	127	1	94	3	72	3	136	4	0	2	6	6
AVPR1B	C4	0.3773305266947331	0.2837071629283707	0.02	0.18181818181818182	0.18181818181818182	0.18181818181818182	0.36363636363636365	0.09090909090909091	0.0036363636363636364	0.0036363636363636364	0.0036363636363636364	0.007272727272727273	0.0018181818181818182	2	112	2	125	2	93	4	71	1	138	3	4	4	8	2
TBC1D12	C4	0.4454035071299772	0.34493655063449363	0.03090909090909091	0.17647058823529413	0.17647058823529413	0.058823529411764705	0.2941176470588235	0.2941176470588235	0.005454545454545455	0.005454545454545455	0.0018181818181818182	0.00909090909090909	0.00909090909090909	3	111	3	124	1	94	5	70	5	134	5	5	2	9	8
EIF4A2	C4	0.5636362727281818	0.46434535654643455	0.025454545454545455	0.2142857142857143	0.14285714285714285	0.2142857142857143	0.2857142857142857	0.14285714285714285	0.005454545454545455	0.0036363636363636364	0.005454545454545455	0.007272727272727273	0.0036363636363636364	3	111	2	125	3	92	4	71	2	137	6	4	6	8	4
OGT	C4	0.6185206592378522	0.5231847681523185	0.023636363636363632	0.15384615384615388	0.23076923076923084	0.15384615384615388	0.30769230769230776	0.15384615384615388	0.0036363636363636364	0.005454545454545455	0.0036363636363636364	0.007272727272727273	0.0036363636363636364	2	112	3	124	2	93	4	71	2	137	4	6	4	8	4
SMEK1	C4	0.7124127070965577	0.6347436525634743	0.027272727272727268	0.20000000000000004	0.13333333333333336	0.13333333333333336	0.2666666666666667	0.2666666666666667	0.005454545454545455	0.0036363636363636364	0.0036363636363636364	0.007272727272727273	0.007272727272727273	3	111	2	125	2	93	4	71	4	135	5	4	4	8	8
X18Q.AMP	C5	3.594558649008105e-05	9.99990000099999e-06	0.35818181818181816	0.08121827411167513	0.29949238578680204	0.09137055837563453	0.05583756345177666	0.4720812182741117	0.02909090909090909	0.10727272727272727	0.03272727272727273	0.02	0.1690909090909091	16	98	59	68	18	77	11	64	93	46	18	72	21	13	127
PIM1	C5	3.594558649008105e-05	9.99990000099999e-06	0.3327272727272727	0.14207650273224046	0.1092896174863388	0.06557377049180328	0.1912568306010929	0.49180327868852464	0.04727272727272727	0.03636363636363636	0.02181818181818182	0.06363636363636363	0.16363636363636364	26	88	20	107	12	83	35	40	90	49	50	33	23	64	169
X3Q.AMP	C5	3.594558649008105e-05	9.99990000099999e-06	0.2781818181818182	0.0784313725490196	0.35947712418300654	0.058823529411764705	0.0326797385620915	0.47058823529411764	0.02181818181818182	0.1	0.016363636363636365	0.00909090909090909	0.13090909090909092	12	102	55	72	9	86	5	70	72	67	13	60	9	5	83
MYD88	C5	3.594558649008105e-05	9.99990000099999e-06	0.22363636363636363	0.18699186991869918	0.14634146341463417	0.05691056910569106	0.04065040650406504	0.5691056910569106	0.04181818181818182	0.03272727272727273	0.012727272727272728	0.00909090909090909	0.12727272727272726	23	91	18	109	7	88	5	70	70	69	46	36	14	10	140
X3P.AMP	C5	3.594558649008105e-05	9.99990000099999e-06	0.20727272727272728	0.07894736842105264	0.32456140350877194	0.06140350877192983	0.026315789473684213	0.5087719298245614	0.016363636363636365	0.06727272727272728	0.012727272727272728	0.005454545454545455	0.10545454545454545	9	105	37	90	7	88	3	72	58	81	9	37	7	3	66
BTG1	C5	3.594558649008105e-05	9.99990000099999e-06	0.25636363636363635	0.1843971631205674	0.12765957446808512	0.07092198581560284	0.2127659574468085	0.4042553191489362	0.04727272727272727	0.03272727272727273	0.01818181818181818	0.05454545454545454	0.10363636363636364	26	88	18	109	10	85	30	45	57	82	38	29	17	50	89
CD79B	C5	3.594558649008105e-05	9.99990000099999e-06	0.16727272727272727	0.1847826086956522	0.10869565217391304	0.043478260869565216	0.07608695652173914	0.5869565217391304	0.03090909090909091	0.01818181818181818	0.007272727272727273	0.012727272727272728	0.09818181818181818	17	97	10	117	4	91	7	68	54	85	33	18	8	13	106
MYD88.L265P	C5	3.594558649008105e-05	9.99990000099999e-06	0.12	0.030303030303030304	0.10606060606060606	0.0	0.04545454545454546	0.8181818181818181	0.0036363636363636364	0.012727272727272728	0.0	0.005454545454545455	0.09818181818181818	2	112	7	120	0	95	3	72	54	85	4	14	0	6	108
X18P.AMP	C5	3.594558649008105e-05	9.99990000099999e-06	0.24545454545454545	0.0962962962962963	0.34814814814814815	0.1111111111111111	0.044444444444444446	0.39999999999999997	0.023636363636363636	0.08545454545454545	0.02727272727272727	0.01090909090909091	0.09818181818181818	13	101	47	80	15	80	6	69	54	85	14	51	17	7	62
IGLL5	C5	3.594558649008105e-05	9.99990000099999e-06	0.12	0.15151515151515152	0.10606060606060606	0.030303030303030304	0.13636363636363638	0.5757575757575758	0.01818181818181818	0.012727272727272728	0.0036363636363636364	0.016363636363636365	0.06909090909090909	10	104	7	120	2	93	9	66	38	101	20	11	4	16	69
X19Q.AMP	C5	3.594558649008105e-05	9.99990000099999e-06	0.16000000000000003	0.12499999999999997	0.3181818181818181	0.10227272727272727	0.03409090909090909	0.4204545454545454	0.02	0.05090909090909091	0.016363636363636365	0.005454545454545455	0.06727272727272728	11	103	28	99	9	86	3	72	37	102	12	30	9	3	42
ETV6	C5	3.594558649008105e-05	9.99990000099999e-06	0.09090909090909091	0.060000000000000005	0.08	0.02	0.12000000000000001	0.7200000000000001	0.005454545454545455	0.007272727272727273	0.0018181818181818182	0.01090909090909091	0.06545454545454546	3	111	4	123	1	94	6	69	36	103	6	8	1	12	70
TBL1XR1	C5	3.594558649008105e-05	9.99990000099999e-06	0.12000000000000001	0.1212121212121212	0.09090909090909091	0.10606060606060605	0.13636363636363635	0.5454545454545454	0.014545454545454545	0.01090909090909091	0.012727272727272728	0.016363636363636365	0.06545454545454546	8	106	6	121	7	88	9	66	36	103	16	12	13	18	71
BTG2	C5	3.594558649008105e-05	9.99990000099999e-06	0.17818181818181816	0.33673469387755106	0.09183673469387757	0.0	0.21428571428571433	0.35714285714285715	0.06	0.016363636363636365	0.0	0.038181818181818185	0.06363636363636363	33	81	9	118	0	95	21	54	35	104	60	17	0	38	66
X19Q13.42.AMP	C5	3.594558649008105e-05	9.99990000099999e-06	0.1290909090909091	0.16901408450704228	0.18309859154929578	0.04225352112676057	0.11267605633802817	0.4929577464788732	0.02181818181818182	0.023636363636363636	0.005454545454545455	0.014545454545454545	0.06363636363636363	12	102	13	114	3	92	8	67	35	104	13	14	3	8	47
TMSB4X	C5	3.594558649008105e-05	9.99990000099999e-06	0.1581818181818182	0.24137931034482757	0.08045977011494253	0.06896551724137931	0.21839080459770113	0.3908045977011494	0.038181818181818185	0.012727272727272728	0.01090909090909091	0.034545454545454546	0.06181818181818182	21	93	7	120	6	89	19	56	34	105	41	13	12	37	66
X6Q21.DEL	C5	3.594558649008105e-05	9.99990000099999e-06	0.11454545454545455	0.09523809523809525	0.22222222222222224	0.09523809523809525	0.04761904761904762	0.5396825396825397	0.01090909090909091	0.025454545454545455	0.01090909090909091	0.005454545454545455	0.06181818181818182	6	108	14	113	6	89	3	72	34	105	6	15	7	3	38
PRDM1	C5	3.594558649008105e-05	9.99990000099999e-06	0.10545454545454545	0.22413793103448276	0.08620689655172413	0.06896551724137931	0.05172413793103449	0.5689655172413793	0.023636363636363636	0.00909090909090909	0.007272727272727273	0.005454545454545455	0.06	13	101	5	122	4	91	3	72	33	106	24	10	8	4	66
GRHPR	C5	3.594558649008105e-05	9.99990000099999e-06	0.05454545454545455	0.1	0.06666666666666667	0.0	0.13333333333333333	0.7	0.005454545454545455	0.0036363636363636364	0.0	0.007272727272727273	0.038181818181818185	3	111	2	125	0	95	4	71	21	118	5	4	0	8	39
HLA.B	C5	6.56783555621234e-05	1.999980000199998e-05	0.12000000000000001	0.3333333333333333	0.0606060606060606	0.07575757575757575	0.16666666666666666	0.36363636363636365	0.04	0.007272727272727273	0.00909090909090909	0.02	0.04363636363636364	22	92	4	123	5	90	11	64	24	115	44	6	9	21	48
CARD11	C5	0.000658137748519422	0.00023999760002399976	0.17090909090909093	0.14893617021276595	0.09574468085106383	0.22340425531914893	0.23404255319148934	0.2978723404255319	0.025454545454545455	0.016363636363636365	0.038181818181818185	0.04	0.05090909090909091	14	100	9	118	21	74	22	53	28	111	26	18	42	41	54
HLA.A	C5	0.0007713922860771392	0.0002899971000289997	0.10181818181818184	0.2321428571428571	0.08928571428571426	0.05357142857142857	0.24999999999999997	0.37499999999999994	0.023636363636363636	0.00909090909090909	0.005454545454545455	0.025454545454545455	0.038181818181818185	13	101	5	122	3	92	14	61	21	118	26	10	6	28	42
IRF2BP2	C5	0.0008427638495892269	0.0003199968000319997	0.1181818181818182	0.12307692307692307	0.10769230769230768	0.12307692307692307	0.21538461538461537	0.43076923076923074	0.014545454545454545	0.012727272727272728	0.014545454545454545	0.025454545454545455	0.05090909090909091	8	106	7	120	8	87	14	61	28	111	14	14	15	25	53
OSBPL10	C5	0.0012314691667898137	0.0004999950000499995	0.13999999999999999	0.2077922077922078	0.07792207792207793	0.12987012987012989	0.19480519480519481	0.38961038961038963	0.02909090909090909	0.01090909090909091	0.01818181818181818	0.02727272727272727	0.05454545454545454	16	98	6	121	10	85	15	60	30	109	30	11	19	25	59
TOX	C5	0.001821243048830773	0.0007599924000759993	0.056363636363636366	0.06451612903225806	0.03225806451612903	0.22580645161290322	0.25806451612903225	0.4193548387096774	0.0036363636363636364	0.0018181818181818182	0.012727272727272728	0.014545454545454545	0.023636363636363636	2	112	1	126	7	88	8	67	13	126	4	2	14	16	25
HLA.C	C5	0.005834780361873801	0.0027199728002719973	0.04	0.27272727272727276	0.045454545454545456	0.0	0.18181818181818182	0.5	0.01090909090909091	0.0018181818181818182	0.0	0.007272727272727273	0.02	6	108	1	126	0	95	4	71	11	128	12	2	0	8	22
PIM2	C5	0.007246856665291615	0.0034599654003459965	0.06363636363636364	0.17142857142857143	0.14285714285714282	0.028571428571428567	0.14285714285714282	0.5142857142857142	0.01090909090909091	0.00909090909090909	0.0018181818181818182	0.00909090909090909	0.03272727272727273	6	108	5	122	1	94	5	70	18	121	11	8	2	10	29
X18Q22.2.AMP	C5	0.011155392322045772	0.005409945900540994	0.049090909090909095	0.037037037037037035	0.3333333333333333	0.2222222222222222	0.0	0.4074074074074074	0.0018181818181818182	0.016363636363636365	0.01090909090909091	0.0	0.02	1	113	9	118	6	89	0	75	11	128	1	13	6	0	14
X6Q14.1.DEL	C5	0.020891469917417613	0.010759892401075988	0.05818181818181818	0.125	0.0625	0.3125	0.09375000000000001	0.40625	0.007272727272727273	0.0036363636363636364	0.01818181818181818	0.005454545454545455	0.023636363636363636	4	110	2	125	10	85	3	72	13	126	4	2	11	3	14
SF3B1	C5	0.037667455493277234	0.02024979750202498	0.02181818181818182	0.0	0.08333333333333333	0.08333333333333333	0.3333333333333333	0.5	0.0	0.0018181818181818182	0.0018181818181818182	0.007272727272727273	0.01090909090909091	0	114	1	126	1	94	4	71	6	133	0	2	2	7	11
ZC3H12A	C5	0.04287143335463197	0.023369766302336975	0.04727272727272727	0.11538461538461539	0.15384615384615385	0.038461538461538464	0.2692307692307692	0.4230769230769231	0.005454545454545455	0.007272727272727273	0.0018181818181818182	0.012727272727272728	0.02	3	111	4	123	1	94	7	68	11	128	6	7	2	13	22
ATP2A2	C5	0.051335677119419276	0.02836971630283697	0.010909090909090908	0.16666666666666669	0.0	0.0	0.0	0.8333333333333334	0.0018181818181818182	0.0	0.0	0.0	0.00909090909090909	1	113	0	127	0	95	0	75	5	134	2	0	0	0	9
X6P21.33.DEL	C5	0.058164751685816474	0.03279967200327997	0.24181818181818182	0.15037593984962405	0.2631578947368421	0.12030075187969924	0.13533834586466167	0.3308270676691729	0.03636363636363636	0.06363636363636363	0.02909090909090909	0.03272727272727273	0.08	20	94	35	92	16	79	18	57	44	95	20	38	16	18	46
X1Q32.1.AMP	C5	0.058164751685816474	0.03270967290327097	0.07818181818181819	0.09302325581395349	0.2325581395348837	0.1627906976744186	0.06976744186046512	0.4418604651162791	0.007272727272727273	0.01818181818181818	0.012727272727272728	0.005454545454545455	0.034545454545454546	4	110	10	117	7	88	3	72	19	120	5	13	9	3	25
BCL11A	C5	0.06551934480655194	0.03743962560374396	0.05818181818181818	0.09375000000000001	0.15625	0.09375000000000001	0.25	0.40625	0.005454545454545455	0.00909090909090909	0.005454545454545455	0.014545454545454545	0.023636363636363636	3	111	5	122	3	92	8	67	13	126	6	8	5	15	23
IRF4	C5	0.06981566547970884	0.04041959580404196	0.07818181818181819	0.13953488372093023	0.2325581395348837	0.13953488372093023	0.046511627906976744	0.4418604651162791	0.01090909090909091	0.01818181818181818	0.01090909090909091	0.0036363636363636364	0.034545454545454546	6	108	10	117	6	89	2	73	19	120	11	19	10	3	32
LYN	C5	0.07910895574588557	0.04698953010469895	0.034545454545454546	0.368421052631579	0.15789473684210528	0.05263157894736842	0.0	0.42105263157894735	0.012727272727272728	0.005454545454545455	0.0018181818181818182	0.0	0.014545454545454545	7	107	3	124	1	94	0	75	8	131	14	5	2	0	16
ETS1	C5	0.08530202197978021	0.05130948690513095	0.07454545454545455	0.26829268292682923	0.07317073170731707	0.14634146341463414	0.21951219512195122	0.2926829268292683	0.02	0.005454545454545455	0.01090909090909091	0.016363636363636365	0.02181818181818182	11	103	3	124	6	89	9	66	12	127	22	6	11	18	23
BCOR	C5	0.11566854028429412	0.07174928250717492	0.05454545454545455	0.2	0.06666666666666667	0.2	0.1	0.4333333333333333	0.01090909090909091	0.0036363636363636364	0.01090909090909091	0.005454545454545455	0.023636363636363636	6	108	2	125	6	89	3	72	13	126	12	4	12	6	25
ANKRD35	C5	0.13652946803865296	0.08622913770862291	0.06545454545454546	0.2222222222222222	0.16666666666666666	0.1111111111111111	0.05555555555555555	0.4444444444444444	0.014545454545454545	0.01090909090909091	0.007272727272727273	0.0036363636363636364	0.02909090909090909	8	106	6	121	4	91	2	73	16	123	12	8	6	4	26
DAZAP1	C5	0.15327705546473946	0.0979590204097959	0.04181818181818182	0.30434782608695654	0.13043478260869568	0.043478260869565216	0.08695652173913043	0.43478260869565216	0.012727272727272728	0.005454545454545455	0.0018181818181818182	0.0036363636363636364	0.01818181818181818	7	107	3	124	1	94	2	73	10	129	14	5	1	4	19
KIAA1919	C5	0.15514449506667724	0.1003189968100319	0.01090909090909091	0.3333333333333333	0.0	0.0	0.0	0.6666666666666666	0.0036363636363636364	0.0	0.0	0.0	0.007272727272727273	2	112	0	127	0	95	0	75	4	135	3	0	0	0	8
ARHGAP25	C5	0.1869345148356426	0.12438875611243888	0.03636363636363636	0.1	0.1	0.15000000000000002	0.30000000000000004	0.35000000000000003	0.0036363636363636364	0.0036363636363636364	0.005454545454545455	0.01090909090909091	0.012727272727272728	2	112	2	125	3	92	6	69	7	132	4	4	6	11	12
HIST1H2AG	C5	0.19286301519007282	0.12905870941290587	0.06363636363636364	0.19999999999999998	0.14285714285714282	0.08571428571428572	0.2571428571428571	0.3142857142857143	0.012727272727272728	0.00909090909090909	0.005454545454545455	0.016363636363636365	0.02	7	107	5	122	3	92	9	66	11	128	11	8	6	14	19
BTK	C5	0.2215336316582189	0.15240847591524084	0.02909090909090909	0.125	0.0625	0.125	0.25	0.4375	0.0036363636363636364	0.0018181818181818182	0.0036363636363636364	0.007272727272727273	0.012727272727272728	2	112	1	126	2	93	4	71	7	132	4	2	4	8	14
DACH1	C5	0.2311588776004132	0.16048839511604884	0.056363636363636366	0.25806451612903225	0.0967741935483871	0.25806451612903225	0.06451612903225806	0.3225806451612903	0.014545454545454545	0.005454545454545455	0.014545454545454545	0.0036363636363636364	0.01818181818181818	8	106	3	124	8	87	2	73	10	129	14	6	15	4	18
GLDC	C5	0.2518823198864785	0.17612823871761282	0.03272727272727273	0.2222222222222222	0.05555555555555555	0.27777777777777773	0.05555555555555555	0.3888888888888889	0.007272727272727273	0.0018181818181818182	0.00909090909090909	0.0018181818181818182	0.012727272727272728	4	110	1	126	5	90	1	74	7	132	8	2	10	1	12
PFN1	C5	0.2805088179484697	0.2014179858201418	0.01818181818181818	0.0	0.1	0.30000000000000004	0.2	0.4	0.0	0.0018181818181818182	0.005454545454545455	0.0036363636363636364	0.007272727272727273	0	114	1	126	3	92	2	73	4	135	0	2	6	4	7
CDKN2A	C5	0.29505451138382016	0.21779782202177977	0.05272727272727273	0.27586206896551724	0.06896551724137931	0.20689655172413796	0.13793103448275862	0.3103448275862069	0.014545454545454545	0.0036363636363636364	0.01090909090909091	0.007272727272727273	0.016363636363636365	8	106	2	125	6	89	4	71	9	130	16	4	12	6	18
BEST3	C5	0.29505451138382016	0.21851781482185179	0.01818181818181818	0.30000000000000004	0.2	0.0	0.0	0.5	0.005454545454545455	0.0036363636363636364	0.0	0.0	0.00909090909090909	3	111	2	125	0	95	0	75	5	134	6	4	0	0	10
FNBP1	C5	0.32804995182371405	0.24418755812441875	0.02	0.27272727272727276	0.09090909090909091	0.0	0.18181818181818182	0.45454545454545453	0.005454545454545455	0.0018181818181818182	0.0	0.0036363636363636364	0.00909090909090909	3	111	1	126	0	95	2	73	5	134	6	2	0	4	10
X6Q14.3.DEL	C5	0.34081076274664385	0.2549674503254967	0.07636363636363636	0.14285714285714288	0.16666666666666669	0.21428571428571433	0.09523809523809525	0.380952380952381	0.01090909090909091	0.012727272727272728	0.016363636363636365	0.007272727272727273	0.02909090909090909	6	108	7	120	9	86	4	71	16	123	6	7	11	4	19
PAX5	C5	0.38005858747382676	0.2871871281287187	0.034545454545454546	0.2631578947368421	0.05263157894736842	0.15789473684210528	0.21052631578947367	0.31578947368421056	0.00909090909090909	0.0018181818181818182	0.005454545454545455	0.007272727272727273	0.01090909090909091	5	109	1	126	3	92	4	71	6	133	10	1	5	7	12
OR8I2	C5	0.44864884684486483	0.34913650863491363	0.05090909090909091	0.10714285714285715	0.32142857142857145	0.10714285714285715	0.10714285714285715	0.3571428571428571	0.005454545454545455	0.016363636363636365	0.005454545454545455	0.005454545454545455	0.01818181818181818	3	111	9	118	3	92	3	72	10	129	6	18	6	5	19
X21Q22.3.AMP	C5	0.4544100013545319	0.35703642963570364	0.03090909090909091	0.17647058823529413	0.11764705882352941	0.17647058823529413	0.058823529411764705	0.47058823529411764	0.005454545454545455	0.0036363636363636364	0.005454545454545455	0.0018181818181818182	0.014545454545454545	3	111	2	125	3	92	1	74	8	131	3	4	3	1	9
AUNIP	C5	0.4904058068424055	0.3890061099389006	0.01090909090909091	0.3333333333333333	0.0	0.16666666666666666	0.0	0.5	0.0036363636363636364	0.0	0.0018181818181818182	0.0	0.005454545454545455	2	112	0	127	1	94	0	75	3	136	3	0	2	0	6
STK33	C5	0.4931940351957983	0.3949260507394926	0.027272727272727275	0.26666666666666666	0.06666666666666667	0.2	0.06666666666666667	0.4	0.007272727272727273	0.0018181818181818182	0.005454545454545455	0.0018181818181818182	0.01090909090909091	4	110	1	126	3	92	1	74	6	133	8	2	6	2	11
X6Q23.3.DEL	C5	0.5636362727281818	0.46296537034629653	0.11454545454545455	0.14285714285714288	0.1904761904761905	0.20634920634920634	0.1746031746031746	0.28571428571428575	0.016363636363636365	0.02181818181818182	0.023636363636363636	0.02	0.03272727272727273	9	105	12	115	13	82	11	64	18	121	9	12	13	11	19
CD7	C5	0.5636362727281818	0.45840541594584056	0.023636363636363636	0.23076923076923078	0.07692307692307693	0.15384615384615385	0.07692307692307693	0.46153846153846156	0.005454545454545455	0.0018181818181818182	0.0036363636363636364	0.0018181818181818182	0.01090909090909091	3	111	1	126	2	93	1	74	6	133	6	2	4	2	12
HIST1H3B	C5	0.6382881545633882	0.5447045529544704	0.03272727272727273	0.16666666666666666	0.2222222222222222	0.05555555555555555	0.16666666666666666	0.3888888888888889	0.005454545454545455	0.007272727272727273	0.0018181818181818182	0.005454545454545455	0.012727272727272728	3	111	4	123	1	94	3	72	7	132	4	8	2	6	11
ZC3H18	C5	0.6554034459655405	0.5617743822561775	0.05454545454545455	0.16666666666666666	0.26666666666666666	0.1	0.1	0.36666666666666664	0.00909090909090909	0.014545454545454545	0.005454545454545455	0.005454545454545455	0.02	5	109	8	119	3	92	3	72	11	128	9	16	4	5	21
HCN1	C5	0.6695731303556529	0.5789442105578945	0.05090909090909091	0.17857142857142855	0.2142857142857143	0.10714285714285715	0.10714285714285715	0.39285714285714285	0.00909090909090909	0.01090909090909091	0.005454545454545455	0.005454545454545455	0.02	5	109	6	121	3	92	3	72	11	128	9	11	5	4	18
OLIG1	C5	0.6704050200877302	0.5827941720582794	0.014545454545454545	0.25	0.125	0.125	0.0	0.5	0.0036363636363636364	0.0018181818181818182	0.0018181818181818182	0.0	0.007272727272727273	2	112	1	126	1	94	0	75	4	135	4	2	2	0	7
GPR126	C5	0.6767063659835504	0.5927540724592754	0.034545454545454546	0.2631578947368421	0.10526315789473684	0.15789473684210528	0.10526315789473684	0.368421052631579	0.00909090909090909	0.0036363636363636364	0.005454545454545455	0.0036363636363636364	0.012727272727272728	5	109	2	125	3	92	2	73	7	132	10	3	5	3	13
PTPRH	C5	0.6901380558843984	0.6071139288607114	0.03636363636363636	0.25	0.15000000000000002	0.25	0.05	0.30000000000000004	0.00909090909090909	0.005454545454545455	0.00909090909090909	0.0018181818181818182	0.01090909090909091	5	109	3	124	5	90	1	74	6	133	10	6	8	2	12
CTDP1	C5	0.7010607860023096	0.6219937800621994	0.03636363636363637	0.24999999999999994	0.15	0.19999999999999998	0.049999999999999996	0.35	0.00909090909090909	0.005454545454545455	0.007272727272727273	0.0018181818181818182	0.012727272727272728	5	109	3	124	4	91	1	74	7	132	10	4	8	2	13
ABHD14B	C5	0.7139122726419794	0.6387636123638764	0.01090909090909091	0.16666666666666666	0.3333333333333333	0.0	0.0	0.5	0.0018181818181818182	0.0036363636363636364	0.0	0.0	0.005454545454545455	1	113	2	125	0	95	0	75	3	136	2	4	0	0	6
SMO	C5	0.7589387742486211	0.6896431035689643	0.04	0.09090909090909091	0.27272727272727276	0.18181818181818182	0.13636363636363638	0.3181818181818182	0.0036363636363636364	0.01090909090909091	0.007272727272727273	0.005454545454545455	0.012727272727272728	2	112	6	121	4	91	3	72	7	132	4	11	7	6	13
EIF5	C5	0.7589387742486211	0.6886231137688623	0.016363636363636365	0.1111111111111111	0.1111111111111111	0.2222222222222222	0.1111111111111111	0.4444444444444444	0.0018181818181818182	0.0018181818181818182	0.0036363636363636364	0.0018181818181818182	0.007272727272727273	1	113	1	126	2	93	1	74	4	135	2	2	4	2	8
ARIH1	C5	0.759745324357456	0.6940530594694053	0.025454545454545455	0.14285714285714285	0.14285714285714285	0.14285714285714285	0.14285714285714285	0.4285714285714286	0.0036363636363636364	0.0036363636363636364	0.0036363636363636364	0.0036363636363636364	0.01090909090909091	2	112	2	125	2	93	2	73	6	133	4	3	4	3	11
TSR1	C5	0.77494618496438	0.7108528914710853	0.01818181818181818	0.2	0.1	0.1	0.2	0.4	0.0036363636363636364	0.0018181818181818182	0.0018181818181818182	0.0036363636363636364	0.007272727272727273	2	112	1	126	1	94	2	73	4	135	4	2	2	4	7
DKK4	C5	0.8622340868224784	0.8136118638813612	0.01090909090909091	0.16666666666666666	0.16666666666666666	0.16666666666666666	0.0	0.5	0.0018181818181818182	0.0018181818181818182	0.0018181818181818182	0.0	0.005454545454545455	1	113	1	126	1	94	0	75	3	136	2	2	2	0	6
TMEM82	C5	0.9900119866725862	0.986290137098629	0.016363636363636365	0.2222222222222222	0.2222222222222222	0.1111111111111111	0.1111111111111111	0.3333333333333333	0.0036363636363636364	0.0036363636363636364	0.0018181818181818182	0.0018181818181818182	0.005454545454545455	2	112	2	125	1	94	1	74	3	136	2	3	2	2	6
SPIB	C5	1.0	1.0	0.03272727272727273	0.2222222222222222	0.2222222222222222	0.16666666666666666	0.1111111111111111	0.27777777777777773	0.007272727272727273	0.007272727272727273	0.005454545454545455	0.0036363636363636364	0.00909090909090909	4	110	4	123	3	92	2	73	5	134	7	7	5	4	7
